name,category_searched,lat,lng,rating,user_ratings_total,business_status
The Bookmark Cafe,cafe,19.2614553,73.1350787,4.4,1503,OPERATIONAL
REVE CAFE,cafe,19.2623515,73.14240149999999,4.9,84,OPERATIONAL
Global Tea Cafe Kalyan,cafe,19.2631226,73.1387431,4.8,165,OPERATIONAL
Mimi Cafe & Bistro,cafe,19.2465426,73.1464171,4.5,869,OPERATIONAL
Brambles Cafe,cafe,19.2476298,73.1449536,4.7,573,OPERATIONAL
Aromagasms cafe,cafe,19.2488999,73.1427817,4.1,378,OPERATIONAL
snickerdoodle coffeeworks (Kalyan),cafe,19.2411418,73.1383199,4.6,939,OPERATIONAL
Cove Cafe,cafe,19.265027,73.1432628,3.9,220,OPERATIONAL
Dear Lola Kitchen & Bar,restaurant,19.2618854,73.1350679,4.4,205,OPERATIONAL
Gremy All Day,restaurant,19.25299,73.1341003,4.1,501,OPERATIONAL
Namaste Kalyan - Global Kitchen & Bar,restaurant,19.2534108,73.1367757,4.4,942,OPERATIONAL
The Vintage Sky Lounge.,restaurant,19.256323800000004,73.1417472,4.1,1745,OPERATIONAL
Malvan Tadka,restaurant,19.2509143,73.1404438,4.5,3023,OPERATIONAL
"Green Leaf Family Restaurant, Lounge and Pub kalyan",restaurant,19.2516116,73.1231909,3.4,4150,OPERATIONAL
The Saffron Saga Restaurant,restaurant,19.2481587,73.14371609999999,4.3,1981,OPERATIONAL
Kezia Rooftop Fine Dine,restaurant,19.2535935,73.1374965,4.0,301,OPERATIONAL
Sizzling Darbar,restaurant,19.2564537,73.1416005,4.5,2499,OPERATIONAL
Sky Deck Restaurant,restaurant,19.2493317,73.1428773,3.5,2185,OPERATIONAL
Prasad Food Divine,restaurant,19.2527432,73.1288033,4.6,14449,OPERATIONAL
"Zeno Health Pharmacy - DB Chowk, Kalyan (W).",pharmacy,19.2615864,73.1289352,4.9,201,OPERATIONAL
"Wellness Forever Pharmacy - Ram Baug- Maxi Ground, Kalyan",pharmacy,19.2421318,73.13952499999999,3.5,55,OPERATIONAL
Wellness Forever Pharmacy - Bazarpeth Kalyan,pharmacy,19.2429695,73.128108,4.0,20,OPERATIONAL
"Wellness Forever Pharmacy - Godrej Hill, Kalyan",pharmacy,19.2596977,73.1429483,4.5,258,OPERATIONAL
"Wellness Forever Pharmacy - Khadakpada Circle, Kalyan West",pharmacy,19.2526713,73.13721129999999,3.4,137,OPERATIONAL
GEETANJALI MEDICAL AND GENERAL STORES,pharmacy,19.2267387,73.1299451,4.8,150,OPERATIONAL
AVISHA GENERIC MEDICAL STORE,pharmacy,19.2475897,73.1374867,4.9,257,OPERATIONAL
Wellness Forever Pharmacy - Bail Bazar Kalyan,pharmacy,19.2374003,73.125811,4.1,94,OPERATIONAL
"Wellness Forever Pharmacy - Vasant Valley, Kalyan West",pharmacy,19.2597981,73.13792149999999,3.2,82,OPERATIONAL
"Zeno Health Pharmacy - Kalyan West, Club Road.",pharmacy,19.2534559,73.1421319,4.9,421,OPERATIONAL
Reliance SMART Superstore,grocery_or_supermarket,19.2546267,73.1314683,3.6,162,OPERATIONAL
Reliance SMART Bazaar,grocery_or_supermarket,19.229618,73.123375,2.7,99,OPERATIONAL
D-Mart,grocery_or_supermarket,19.237851,73.1263259,4.1,11018,OPERATIONAL
Uni SuperMart,grocery_or_supermarket,19.2418933,73.12051319999999,4.7,44,OPERATIONAL
Royal Supermarket,grocery_or_supermarket,19.2617054,73.1227321,3.7,536,OPERATIONAL
Patel's R Mart KLW,grocery_or_supermarket,19.2423646,73.1401159,3.7,455,OPERATIONAL
Patel's R mart,grocery_or_supermarket,19.222075,73.13794759999999,4.5,96,OPERATIONAL
V Shopi Super Market,grocery_or_supermarket,19.2540522,73.1330734,5.0,80,OPERATIONAL
RK Bazar,grocery_or_supermarket,19.2254404,73.133123,3.9,1049,OPERATIONAL
Zunjarrao Market,grocery_or_supermarket,19.239298400000003,73.1302171,3.8,2721,OPERATIONAL
SS Mobile - Kalyan East,electronics_store,19.2118998,73.1325043,5.0,191,OPERATIONAL
Top 10 Store,electronics_store,19.2424057,73.1299348,4.8,600,OPERATIONAL
SS Mobile,electronics_store,19.237347700000004,73.1305915,4.9,320,OPERATIONAL
Variety Mobile & Watch,electronics_store,19.238132,73.12904069999999,4.9,280,OPERATIONAL
SS Mobile - Kalyan west - Khadakpada,electronics_store,19.255747,73.1408762,5.0,134,OPERATIONAL
NITIN COLLECTION,electronics_store,19.2442604,73.12506139999999,4.5,211,OPERATIONAL
mobile square nx,electronics_store,19.2420471,73.1373838,4.3,35,OPERATIONAL
Mahavir electronics,electronics_store,19.2369492,73.1318155,5.0,18,OPERATIONAL
Amit Mobile Accessories,electronics_store,19.2387536,73.1291454,4.9,472,OPERATIONAL
Vikas mobile shop,electronics_store,19.2547379,73.1398873,5.0,247,OPERATIONAL
Fashion Factory,clothing_store,19.2346931,73.12226580000001,4.4,9012,OPERATIONAL
EasyBuy - Kalyan,clothing_store,19.2287884,73.1230903,4.9,5315,OPERATIONAL
Blackberrys,clothing_store,19.2415598,73.1297713,4.9,683,OPERATIONAL
Amrut The World of fashion,clothing_store,19.2423401,73.1298288,4.8,187,OPERATIONAL
Cottonking Kalyan,clothing_store,19.2444422,73.1290073,4.1,572,OPERATIONAL
Vastrakala,clothing_store,19.241488,73.129671,4.0,54,OPERATIONAL
Bajirao Mens Studio,clothing_store,19.2393973,73.12970349999999,4.7,565,OPERATIONAL
Fashion Paradise,clothing_store,19.2433361,73.1274444,4.9,24,OPERATIONAL
Liberty Stores,clothing_store,19.2394874,73.1296043,3.7,514,OPERATIONAL
Go Colors - Kalyan Shivaji Chowk,clothing_store,19.2409503,73.1293202,4.8,236,OPERATIONAL
Bakers Villa,bakery,19.2493952,73.1313563,4.9,1555,OPERATIONAL
SS Bakers,bakery,19.2516564,73.1498531,4.9,1294,OPERATIONAL
SS Bakers Rambug Kalyan (W),bakery,19.2419501,73.13893519999999,4.9,724,OPERATIONAL
Cacky cake shop,bakery,19.2418677,73.1394996,4.9,135,OPERATIONAL
Cake Out - Cakes in Kalyan,bakery,19.2544943,73.1410226,5.0,248,OPERATIONAL
Shree Bakers (LIVE CAKE SHOP),bakery,19.2424327,73.1383943,4.9,658,OPERATIONAL
ROCCK & ROLL THE LIVE CAKE SHOP,bakery,19.2423762,73.1383548,4.8,443,OPERATIONAL
Cake Innings,bakery,19.2513182,73.12863440000001,4.8,186,OPERATIONAL
The Taste Buds Bakehouse,bakery,19.2468207,73.13356639999999,5.0,86,OPERATIONAL
"Theobroma Bakery and Cake Shop - Kalyan, Thane",bakery,19.2534082,73.1368483,4.1,291,OPERATIONAL
Raj Hardware,hardware_store,19.239796700000003,73.1283239,3.9,20,OPERATIONAL
SHREE GOOD WILL HARDWARE,hardware_store,19.2435102,73.12995570000001,4.0,19,OPERATIONAL
Paras Hardware And Electrical Stores,hardware_store,19.2247892,73.13243179999999,4.8,80,OPERATIONAL
Hardware House,hardware_store,19.2426205,73.1351463,5.0,4,OPERATIONAL
Shree Ganesh Hardware & Electricals,hardware_store,19.2456107,73.12751639999999,4.5,21,OPERATIONAL
Sunil Hardware & Electrical,hardware_store,19.2483431,73.1528735,3.9,32,OPERATIONAL
Shiv Shakti Hardware & Plywood,hardware_store,19.2558764,73.1410262,4.3,26,OPERATIONAL
Crystal Hardware,hardware_store,19.2543985,73.1273783,5.0,5,OPERATIONAL
Super Hardware,hardware_store,19.2420476,73.13767779999999,2.5,8,OPERATIONAL
Padmavati Electric And Hardware,hardware_store,19.2224362,73.13775629999999,4.6,119,OPERATIONAL
Waffle Adda Café,restaurant,19.2271568,73.1260295,4.8,124,OPERATIONAL
Luxoro dessert cafe,restaurant,19.2474244,73.1456881,4.9,56,OPERATIONAL
Kafeega Cafe,cafe,19.2207908,73.14216970000001,4.5,98,OPERATIONAL
HOC Cafe,cafe,19.2271086,73.1401226,4.4,78,OPERATIONAL
The creamy factory,cafe,19.2494665,73.1425229,4.8,57,OPERATIONAL
The Royal Kalyan Cafe,restaurant,19.2248011,73.1370242,5.0,45,OPERATIONAL
MAINTALS vibe and dine,restaurant,19.2657613,73.1401327,4.6,331,OPERATIONAL
Aai Chi Khanawal,restaurant,19.2291134,73.1335536,4.8,20,OPERATIONAL
Shauyachaw La Cuisine,restaurant,19.2324091,73.1354563,4.6,36,OPERATIONAL
Malvan Kinara,restaurant,19.2246852,73.13359779999999,3.7,1372,OPERATIONAL
FOODKING FAMILY DINE-IN BAR & RESTAURANT,restaurant,19.2247502,73.1361297,3.9,584,OPERATIONAL
Prasad Food Divine - Kalyan East,restaurant,19.2249107,73.1341171,4.7,14192,OPERATIONAL
"Zeno Health Pharmacy - Tisgaon Naka, Kalyan East.",pharmacy,19.2247861,73.13271449999999,4.9,133,OPERATIONAL
Shree Ram Medical And General Stores,pharmacy,19.2246198,73.1267441,4.9,341,OPERATIONAL
"Wellness Forever Pharmacy - Pune Link Road, Kalyan East",pharmacy,19.2247252,73.1338464,4.4,31,OPERATIONAL
Kalyan Nx Medical Store,pharmacy,19.2268493,73.1403466,2.8,13,OPERATIONAL
MOHAN MEDICAL,pharmacy,19.2230909,73.1376198,4.9,69,OPERATIONAL
Chintamani Generic Medicine Stores,pharmacy,19.2298328,73.1380167,4.8,59,OPERATIONAL
BHAWANI MEDICAL AND GENERAL STORES,pharmacy,19.2295985,73.1292319,3.7,19,OPERATIONAL
Paradise Medical,pharmacy,19.2255267,73.1396908,4.0,2,OPERATIONAL
Oma Pharmacy Medical and General Stores,pharmacy,19.2268598,73.1239662,5.0,3,OPERATIONAL
Patel R Mart - Kalyan East,grocery_or_supermarket,19.2266181,73.12591239999999,3.8,623,OPERATIONAL
Lalans Group,grocery_or_supermarket,19.231477,73.136549,4.2,360,OPERATIONAL
Ameet Stores,grocery_or_supermarket,19.2272389,73.1239246,3.9,85,OPERATIONAL
Kolsewadi Market,grocery_or_supermarket,19.2292206,73.1366194,4.1,2918,OPERATIONAL
Mahesh Mart,grocery_or_supermarket,19.2085909,73.13384970000001,4.6,21,OPERATIONAL
RK Bazar - Karpe Chawl,grocery_or_supermarket,19.2290113,73.1337028,3.9,436,OPERATIONAL
Ramdev Electronics,electronics_store,19.2309397,73.13672679999999,3.1,10,OPERATIONAL
Mobile World,electronics_store,19.2250341,73.13233679999999,3.9,19,OPERATIONAL
Ranjeet Mobile and electronic,electronics_store,19.2284021,73.1390682,3.3,24,OPERATIONAL
MANISH MOBILE CENTRE,electronics_store,19.2267296,73.1463574,4.8,107,OPERATIONAL
Momai Telecom,electronics_store,19.2250811,73.1321567,3.3,79,OPERATIONAL
Aniket mobile shop,electronics_store,19.2303369,73.1446902,5.0,419,OPERATIONAL
Digi1 Kalyan East,electronics_store,19.2250937,73.1366926,4.7,2625,OPERATIONAL
JAI AMBIKA TELECOM,electronics_store,19.2305832,73.13697429999999,4.5,268,OPERATIONAL
Mobile store (HARI DARSHAN TELECOM),electronics_store,19.2248489,73.13730559999999,5.0,642,OPERATIONAL
Lalit collection,clothing_store,19.229787500000004,73.1377585,4.7,58,OPERATIONAL
Lifestyle Stores,clothing_store,19.2294805,73.1235363,4.1,1277,OPERATIONAL
Unique Collection NX,clothing_store,19.2304554,73.137023,5.0,6,OPERATIONAL
Sui Dhaga Fashions,clothing_store,19.2288681,73.1327184,4.8,117,OPERATIONAL
Oveera fashion,clothing_store,19.2297344,73.1332185,4.8,46,OPERATIONAL
Mahesh collection,clothing_store,19.231368700000004,73.133623,4.2,57,OPERATIONAL
Kalyan fashion,clothing_store,19.2292022,73.1436617,4.1,51,OPERATIONAL
New Somya Collection,clothing_store,19.2286643,73.1361912,3.9,10,OPERATIONAL
Rich Look,clothing_store,19.230329200000003,73.1339251,4.7,87,OPERATIONAL
Jyotis Delight,bakery,19.2274771,73.1404609,5.0,114,OPERATIONAL
O-Cakes - Kalyan East,bakery,19.2249837,73.1363629,4.4,106,OPERATIONAL
Monginis Cake Shop - Kolsewadi,bakery,19.2290914,73.1372219,4.5,308,OPERATIONAL
Bake mart kalyan,bakery,19.2249717,73.1363143,5.0,111,OPERATIONAL
Souffle Cake Shop Katemanivali,bakery,19.224720100000003,73.1248877,4.7,241,OPERATIONAL
Bangalore Iyengar Bakery,bakery,19.2271032,73.14019069999999,4.0,271,OPERATIONAL
KK Cakes,bakery,19.2290007,73.137496,4.9,73,OPERATIONAL
SS BAKERS - Katemanivali,bakery,19.2290529,73.14452279999999,4.8,69,OPERATIONAL
souffle cake shop Tisgaon,bakery,19.2247508,73.1301496,4.3,95,OPERATIONAL
BAKERS BOAT KALYAN EAST,bakery,19.2270908,73.1401097,3.9,215,OPERATIONAL
A to Z Hardware and Electric Store,hardware_store,19.2145752,73.1308219,4.0,4,OPERATIONAL
Ram Hardware,hardware_store,19.2198853,73.1284153,4.2,9,OPERATIONAL
Pooja Hardware & Electricals,hardware_store,19.2249739,73.1363674,3.5,8,OPERATIONAL
Asian Hardware,hardware_store,19.2293571,73.13342879999999,4.8,8,OPERATIONAL
Satish hardware & Interior products,hardware_store,19.2289414,73.1335453,4.3,6,OPERATIONAL
Lucky Hardware And Plywood,hardware_store,19.224548,73.12778899999999,4.3,8,OPERATIONAL
New National Electric and Hardware Store,hardware_store,19.2169806,73.1407084,4.0,17,OPERATIONAL
Mumbai hardware,hardware_store,19.2240743,73.12280419999999,5.0,4,OPERATIONAL
Velvet lounge unisex salon,salon,19.2536515,73.13474529999999,5.0,163,OPERATIONAL
Solastaa,salon,19.2530406,73.136658,4.8,2467,OPERATIONAL
Best Velvet lounge unisex salon Tisgaon,salon,19.2249917,73.1305924,4.8,900,OPERATIONAL
Habibs Hair and Beauty Salon,salon,19.2561061,73.1414297,4.8,2105,OPERATIONAL
LookWell Salon - Godrej Hill,salon,19.2597721,73.1430524,4.8,1215,OPERATIONAL
Silk n salt unisex,salon,19.2430562,73.13323179999999,4.8,429,OPERATIONAL
CURLS & CLIPS UNISEX SALON,salon,19.2406216,73.1435595,4.9,224,OPERATIONAL
Velvet Lounge - Metro,salon,19.2278786,73.1232035,4.6,2379,OPERATIONAL
Let's Transform Salon,salon,19.2562748,73.1421306,4.8,152,OPERATIONAL
Nior Salon,salon,19.253552600000003,73.13116839999999,4.9,264,OPERATIONAL
Matoshree Stationery & Book Depot,stationery,19.2388278,73.1293227,4.2,319,OPERATIONAL
Patni Stationery stores,stationery,19.2440812,73.1256129,4.3,154,OPERATIONAL
Mahila Stores,stationery,19.2410755,73.128469,4.3,682,OPERATIONAL
MEET STATIONERY AND JUMBO XEROX,stationery,19.2466944,73.14684869999999,3.9,118,OPERATIONAL
Stencils Stationery,stationery,19.2573616,73.1425091,4.5,54,OPERATIONAL
GLOBAL JUMBO XEROX,stationery,19.2522556,73.1378668,5.0,33,OPERATIONAL
Raj Stationery & Xerox,stationery,19.227233,73.1408158,4.5,30,OPERATIONAL
SHREE XEROX & STATIONERY,stationery,19.242939,73.1335636,4.6,9,OPERATIONAL
Patni Stationery Shop,stationery,19.2441778,73.125587,4.6,5,OPERATIONAL
Jai Malhar JM'S CAFE,restaurant,19.2393936,73.13815439999999,4.6,893,OPERATIONAL
Salgar Amruttulya Chaha Kyrra's Cafe,cafe,19.2456408,73.1479337,4.9,295,OPERATIONAL
Radha Krishna Cafe Pure Veg,restaurant,19.2382307,73.131441,4.7,206,OPERATIONAL
Gharcha Dabba,cafe,19.2413335,73.1460803,5.0,122,OPERATIONAL
The Brewtique,cafe,19.2634927,73.1498936,4.5,64,OPERATIONAL
Kafeega Cafe Dombivli,cafe,19.2141558,73.1025166,4.8,311,OPERATIONAL
Twenty One Casual Dining Restaurant,restaurant,19.2465802,73.1241502,4.3,215,OPERATIONAL
Comida Multi-Cuisine Restaurant,restaurant,19.2622209,73.12314839999999,4.3,2973,OPERATIONAL
Hotel Gurudev,restaurant,19.2388916,73.1280621,4.0,7468,OPERATIONAL
The Food Town,restaurant,19.2435404,73.12904689999999,4.3,2608,OPERATIONAL
Hotel Ramdev,restaurant,19.243018,73.12993200000001,4.0,9322,OPERATIONAL
Mahalaxmi Veg Treat,restaurant,19.2374639,73.1304937,4.1,2597,OPERATIONAL
VOLY Mart,grocery_or_supermarket,19.2621657,73.1420138,4.2,89,OPERATIONAL
PAI Grocery shop,grocery_or_supermarket,19.2398138,73.1415727,4.4,7,OPERATIONAL
RANK THE FACTORY,clothing_store,19.2452739,73.1482934,4.7,26,OPERATIONAL
9 To 9 Miracle,clothing_store,19.24073,73.144864,4.1,28,OPERATIONAL
Mutha Dresses,clothing_store,19.2427893,73.1249761,3.9,103,OPERATIONAL
Anila Family Shop,clothing_store,19.2382465,73.1314077,4.3,39,OPERATIONAL
NAVYA SHOP,clothing_store,19.2397643,73.1423147,4.9,55,OPERATIONAL
2dudes By Rdg,clothing_store,19.2445776,73.12816,4.9,11,OPERATIONAL
Shakir Hardware Stores,hardware_store,19.2390298,73.13623110000002,4.1,13,OPERATIONAL
Gayatri Plywood And Hardware,hardware_store,19.2403467,73.1363013,4.8,25,OPERATIONAL
Najmi Electrical & Hardwares,hardware_store,19.2399358,73.1280163,3.5,28,OPERATIONAL
Devi Timber Mart,hardware_store,19.2415482,73.1492239,4.4,16,OPERATIONAL
Bharat Sanitary & Hardware Suppliers,hardware_store,19.2399493,73.1282743,4.4,19,OPERATIONAL
Farida Padghawala Hardware,hardware_store,19.2398515,73.12751759999999,4.8,8,OPERATIONAL
Shreeji Traders,hardware_store,19.2401842,73.14080539999999,4.2,160,OPERATIONAL
Sugra's Studio & Salon,salon,19.2417902,73.1225096,4.9,102,OPERATIONAL
Megha beauty salon & medispa,salon,19.2441656,73.1367197,4.8,208,OPERATIONAL
Hiral Beauty Salon,salon,19.2429241,73.1322169,4.9,231,OPERATIONAL
Kezah Salon & Makeup Studio,salon,19.2414989,73.13458550000001,4.8,146,OPERATIONAL
Bellelush Salon & Academy,salon,19.2407905,73.1351385,4.9,238,OPERATIONAL
Crystal Beauty Zone salon,salon,19.2464258,73.12580129999999,4.1,283,OPERATIONAL
Naturence,salon,19.2462543,73.1243894,4.6,115,OPERATIONAL
Amaravathi's Beauty Studio,salon,19.2439847,73.12215789999999,5.0,34,OPERATIONAL
Blackwood Family Salon,salon,19.2422887,73.1459052,4.9,69,OPERATIONAL
S&C Salon,salon,19.2420217,73.1388292,4.8,160,OPERATIONAL
RoopSaaj Hair & Beauty Studio,salon,19.240893,73.1473398,5.0,23,OPERATIONAL
Runway Salon,salon,19.2439103,73.1341058,4.9,264,OPERATIONAL
Hair Studio Unisex Salon,salon,19.2445237,73.1234648,4.9,230,OPERATIONAL
Muskan Beauty Salon & Makeup academy,salon,19.239427700000004,73.1378848,5.0,10,OPERATIONAL
The Alive Unisex Salon,salon,19.2485807,73.1533944,5.0,25,OPERATIONAL
Shree Ashapura Stationary,stationery,19.2388952,73.1288385,4.0,8,OPERATIONAL
Mahavir stores,stationery,19.2439446,73.1258125,4.6,55,OPERATIONAL
Kite Stationery and Gifts,stationery,19.2446871,73.1234248,5.0,10,OPERATIONAL
Diya stationery and printing,stationery,19.2390642,73.12777129999999,4.3,6,OPERATIONAL
Ajay Stationery & xerox,stationery,19.2262387,73.1395951,4.9,33,OPERATIONAL
Maharashtra Zerox Center,stationery,19.2431825,73.12793769999999,4.1,143,OPERATIONAL
Yogesh Digital Xerox & Stationery,stationery,19.2439409,73.1258095,4.4,72,OPERATIONAL
Krishna Communication Centre,stationery,19.239311,73.1280804,2.4,12,OPERATIONAL
THE COZY CAFE,cafe,19.2430898,73.1625909,4.8,8,OPERATIONAL
The veerbhadra Cafe,cafe,19.2352525,73.1461544,4.3,7,OPERATIONAL
KOOL BUDDIES CAFE,cafe,19.2434083,73.1570214,4.9,59,OPERATIONAL
Expresso Cafe,cafe,19.2493784,73.1228497,4.6,103,OPERATIONAL
Esme coffee,cafe,19.2521415,73.1277554,4.1,459,OPERATIONAL
The Vibe,restaurant,19.2584288,73.1334971,4.3,1780,OPERATIONAL
Malhar Misal,restaurant,19.2480742,73.1577956,3.8,42,OPERATIONAL
Deghun's Kitchen,restaurant,19.2437093,73.1608532,5.0,33,OPERATIONAL
Sairat Biryani Shahad,restaurant,19.2423474,73.1582812,4.7,239,OPERATIONAL
Vrindavan Pure Veg,restaurant,19.2518497,73.125776,4.3,2733,OPERATIONAL
Paratha House by Beena's kitchen,restaurant,19.257985,73.1301964,4.6,370,OPERATIONAL
Syro - All Day Eatery Lounge,restaurant,19.2601782,73.1241448,4.4,613,OPERATIONAL
Sairaj Dhaba & Family Restaurant,restaurant,19.2587794,73.1294768,4.8,20,OPERATIONAL
Golden Wok,restaurant,19.2597725,73.1328072,4.1,3360,OPERATIONAL
Wellness Forever Pharmacy - Kalyan Murbad Road West,pharmacy,19.2412827,73.1472955,4.4,52,OPERATIONAL
Wellness Forever Pharmacy - Yogidham,pharmacy,19.2468511,73.152403,5.0,10,OPERATIONAL
United pharmacy,pharmacy,19.233321,73.1580636,2.3,3,OPERATIONAL
Sai Anand Chemist,pharmacy,19.2433821,73.1571822,4.6,8,OPERATIONAL
The Neo Aarogyam,pharmacy,19.2487931,73.1437308,4.4,26,OPERATIONAL
R K Medical and General Stores,pharmacy,19.2464208,73.1724934,4.9,38,OPERATIONAL
Sanjay medical,pharmacy,19.2649395,73.1731454,5.0,4,OPERATIONAL
Sai Baba Medical And Generic Medicine Store,pharmacy,19.2638269,73.1638129,4.8,18,OPERATIONAL
Amey Pharmacy,pharmacy,19.2234082,73.1256295,3.1,12,OPERATIONAL
Ayush Medical,pharmacy,19.2696593,73.1702398,5.0,3,OPERATIONAL
Jai Maruthi Medical And General Stores,pharmacy,19.2604161,73.1814829,5.0,2,OPERATIONAL
Vandana Medical,pharmacy,19.2705262,73.1743191,5.0,1,OPERATIONAL
Maharashtra Medical And General Store,pharmacy,19.2605715,73.1747494,5.0,2,OPERATIONAL
Aabha 24 Super Mart,grocery_or_supermarket,19.2471657,73.1566861,4.3,38,OPERATIONAL
Janta super mart,grocery_or_supermarket,19.2470424,73.1569142,5.0,7,OPERATIONAL
Kalyan Fresh,grocery_or_supermarket,19.2448865,73.1570272,5.0,1,OPERATIONAL
Mahesh Kirana & General Store,grocery_or_supermarket,19.2458273,73.1585947,4.0,23,OPERATIONAL
Aashish Traders,grocery_or_supermarket,19.2478749,73.1576693,5.0,1,OPERATIONAL
Patel Super Market Shahad,grocery_or_supermarket,19.245121,73.156241,3.8,295,OPERATIONAL
My Mart Yogidham,grocery_or_supermarket,19.2484262,73.1528933,4.7,196,OPERATIONAL
Divakar Kirana And General Stores,grocery_or_supermarket,19.2462242,73.1576341,4.1,7,OPERATIONAL
Chamunda Supermarket,grocery_or_supermarket,19.2492234,73.1238795,4.3,8,OPERATIONAL
Sagar Super Market,grocery_or_supermarket,19.2538555,73.134902,4.6,20,OPERATIONAL
K Mart Super Market,grocery_or_supermarket,19.2624374,73.1419407,4.9,10,OPERATIONAL
R K Bazaar Agra Road,grocery_or_supermarket,19.2488778,73.1269925,3.8,266,OPERATIONAL
Prajapati Super Market,grocery_or_supermarket,19.2547871,73.1332832,5.0,2,OPERATIONAL
Sahil mobile shop,electronics_store,19.243388,73.1572465,5.0,5,OPERATIONAL
Ansari mobile,electronics_store,19.242534,73.1576897,5.0,3,OPERATIONAL
HASHTAG MOBILE,electronics_store,19.2444053,73.1252433,5.0,152,OPERATIONAL
Reliance Digital Shahad,electronics_store,19.242976,73.159273,4.9,1982,OPERATIONAL
Shree Ganesh Communication,electronics_store,19.2411805,73.1592057,4.6,9,OPERATIONAL
Valmiki Novelty And Stationery,stationery,19.2646977,73.1733168,3.7,9,OPERATIONAL
Hari om Krupa stationery,stationery,19.2621228,73.1746151,5.0,1,OPERATIONAL
Suchi Book Depo,stationery,19.2450572,73.1698798,4.5,12,OPERATIONAL
Maji Sainik Book Depot,stationery,19.2473802,73.1452839,4.1,40,OPERATIONAL
Golden Bakery Shahad,bakery,19.2420132,73.1584847,4.0,201,OPERATIONAL
O-cakes Shahad,bakery,19.246921,73.1724852,4.6,17,OPERATIONAL
Teju's Sweet Flavour's,bakery,19.2464594,73.1724888,4.9,92,OPERATIONAL
A1 Bakery,bakery,19.2434796,73.1590563,4.7,22,OPERATIONAL
Royal Bakery Shahad,bakery,19.2408091,73.1553823,4.0,26,OPERATIONAL
Ss bakers the fresh cake shop Tisgaon,bakery,19.2259819,73.1330467,4.7,43,OPERATIONAL
Swagat Sweets and Bakers,bakery,19.2375841,73.1254828,4.4,192,OPERATIONAL
Synthetic_0,hardware_store,19.23671,73.129769,4.1,125,OPERATIONAL
Synthetic_1,hardware_store,19.257716,73.112015,4.8,47,OPERATIONAL
Synthetic_2,cafe,19.260495,73.146639,3.6,66,OPERATIONAL
Synthetic_3,salon,19.258884,73.143698,4.8,141,OPERATIONAL
Synthetic_4,stationery,19.258613,73.148619,4.5,88,OPERATIONAL
Synthetic_5,hardware_store,19.268368,73.130658,4.7,58,OPERATIONAL
Synthetic_6,pharmacy,19.257052,73.143253,4.5,78,OPERATIONAL
Synthetic_7,salon,19.253756,73.138315,4.7,105,OPERATIONAL
Synthetic_8,cafe,19.23255,73.129274,4.3,70,OPERATIONAL
Synthetic_9,restaurant,19.24998,73.1392,3.9,23,OPERATIONAL
Synthetic_10,bakery,19.250945,73.121102,4.7,86,OPERATIONAL
Synthetic_11,bakery,19.247528,73.130331,4.9,314,OPERATIONAL
Synthetic_12,pharmacy,19.229986,73.126208,4.3,15,OPERATIONAL
Synthetic_13,pharmacy,19.242429,73.134073,4.2,111,OPERATIONAL
Synthetic_14,salon,19.239578,73.132075,4.4,16,OPERATIONAL
Synthetic_15,clothing_store,19.256849,73.130394,4.9,410,OPERATIONAL
Synthetic_16,restaurant,19.269249,73.143036,4.2,83,OPERATIONAL
Synthetic_17,bakery,19.223245,73.148615,5.0,531,OPERATIONAL
Synthetic_18,cafe,19.233476,73.144802,3.9,31,OPERATIONAL
Synthetic_19,bakery,19.234711,73.130631,4.9,97,OPERATIONAL
Synthetic_20,electronics_store,19.258573,73.144642,4.4,238,OPERATIONAL
Synthetic_21,cafe,19.269643,73.148333,4.1,230,OPERATIONAL
Synthetic_22,pharmacy,19.264606,73.14124,4.4,127,OPERATIONAL
Synthetic_23,clothing_store,19.248451,73.137782,4.3,56,OPERATIONAL
Synthetic_24,cafe,19.257693,73.126286,4.9,172,OPERATIONAL
Synthetic_25,restaurant,19.265648,73.150625,3.7,367,OPERATIONAL
Synthetic_26,cafe,19.262296,73.139834,4.4,186,OPERATIONAL
Synthetic_27,grocery_or_supermarket,19.269646,73.127356,4.0,11,OPERATIONAL
Synthetic_28,hardware_store,19.268723,73.151921,3.8,259,OPERATIONAL
Synthetic_29,stationery,19.24743,73.133314,4.3,122,OPERATIONAL
Synthetic_30,pharmacy,19.250104,73.150558,4.4,22,OPERATIONAL
Synthetic_31,bakery,19.252339,73.139508,4.8,138,OPERATIONAL
Synthetic_32,clothing_store,19.262506,73.131854,3.8,85,OPERATIONAL
Synthetic_33,bakery,19.258137,73.14269,4.9,112,OPERATIONAL
Synthetic_34,grocery_or_supermarket,19.259901,73.127412,4.8,14,OPERATIONAL
Synthetic_35,grocery_or_supermarket,19.272721,73.145524,3.8,118,OPERATIONAL
Synthetic_36,bakery,19.217241,73.139717,3.9,19,OPERATIONAL
Synthetic_37,grocery_or_supermarket,19.23297,73.130317,4.5,222,OPERATIONAL
Synthetic_38,restaurant,19.25078,73.157753,4.6,603,OPERATIONAL
Synthetic_39,bakery,19.245279,73.13563,4.6,183,OPERATIONAL
Synthetic_40,electronics_store,19.246745,73.138756,4.6,44,OPERATIONAL
Synthetic_41,hardware_store,19.252629,73.14346,4.7,257,OPERATIONAL
Synthetic_42,bakery,19.245822,73.135911,4.5,580,OPERATIONAL
Synthetic_43,cafe,19.241859,73.133533,4.6,281,OPERATIONAL
Synthetic_44,bakery,19.233156,73.137837,4.6,893,OPERATIONAL
Synthetic_45,pharmacy,19.226834,73.130049,4.4,200,OPERATIONAL
Synthetic_46,stationery,19.234888,73.119151,4.7,147,OPERATIONAL
Synthetic_47,hardware_store,19.233918,73.123846,4.2,256,OPERATIONAL
Synthetic_48,cafe,19.229665,73.129626,4.3,442,OPERATIONAL
Synthetic_49,stationery,19.265989,73.136051,4.3,27,OPERATIONAL
Synthetic_50,salon,19.264819,73.153344,4.3,32,OPERATIONAL
Synthetic_51,grocery_or_supermarket,19.235878,73.137912,4.2,25,OPERATIONAL
Synthetic_52,cafe,19.241602,73.132534,4.2,78,OPERATIONAL
Synthetic_53,stationery,19.230548,73.121762,4.8,31,OPERATIONAL
Synthetic_54,cafe,19.259669,73.151856,4.8,77,OPERATIONAL
Synthetic_55,hardware_store,19.237268,73.126365,4.8,113,OPERATIONAL
Synthetic_56,cafe,19.274832,73.15272,4.8,39,OPERATIONAL
Synthetic_57,electronics_store,19.243978,73.132281,4.5,95,OPERATIONAL
Synthetic_58,grocery_or_supermarket,19.240142,73.125557,4.3,211,OPERATIONAL
Synthetic_59,stationery,19.251214,73.13169,3.8,80,OPERATIONAL
Synthetic_60,salon,19.241131,73.131475,3.6,357,OPERATIONAL
Synthetic_61,clothing_store,19.219546,73.125378,4.3,1056,OPERATIONAL
Synthetic_62,hardware_store,19.251076,73.137296,4.3,71,OPERATIONAL
Synthetic_63,hardware_store,19.240174,73.126632,4.9,382,OPERATIONAL
Synthetic_64,clothing_store,19.261671,73.134282,4.1,94,OPERATIONAL
Synthetic_65,grocery_or_supermarket,19.254627,73.133234,4.8,46,OPERATIONAL
Synthetic_66,restaurant,19.240851,73.128196,4.7,950,OPERATIONAL
Synthetic_67,cafe,19.261724,73.127576,4.2,223,OPERATIONAL
Synthetic_68,electronics_store,19.254721,73.122129,4.7,145,OPERATIONAL
Synthetic_69,restaurant,19.229304,73.138835,4.8,114,OPERATIONAL
Synthetic_70,cafe,19.228646,73.129279,4.7,681,OPERATIONAL
Synthetic_71,pharmacy,19.263679,73.134632,4.2,171,OPERATIONAL
Synthetic_72,pharmacy,19.258818,73.132074,4.9,176,OPERATIONAL
Synthetic_73,hardware_store,19.265038,73.141732,4.5,81,OPERATIONAL
Synthetic_74,clothing_store,19.278451,73.141796,4.5,275,OPERATIONAL
Synthetic_75,pharmacy,19.278296,73.146641,4.5,62,OPERATIONAL
Synthetic_76,pharmacy,19.269787,73.134396,4.9,988,OPERATIONAL
Synthetic_77,cafe,19.250713,73.141438,4.2,43,OPERATIONAL
Synthetic_78,restaurant,19.245912,73.134436,4.7,99,OPERATIONAL
Synthetic_79,salon,19.258058,73.148193,4.3,159,OPERATIONAL
Synthetic_80,pharmacy,19.263974,73.135415,4.9,174,OPERATIONAL
Synthetic_81,cafe,19.268875,73.140652,4.6,241,OPERATIONAL
Synthetic_82,clothing_store,19.250122,73.120771,4.3,165,OPERATIONAL
Synthetic_83,clothing_store,19.253795,73.148856,4.4,213,OPERATIONAL
Synthetic_84,stationery,19.249677,73.153399,4.7,65,OPERATIONAL
Synthetic_85,restaurant,19.248699,73.115127,3.8,991,OPERATIONAL
Synthetic_86,hardware_store,19.241536,73.137181,3.6,125,OPERATIONAL
Synthetic_87,pharmacy,19.25476,73.130354,3.8,201,OPERATIONAL
Synthetic_88,hardware_store,19.24409,73.137837,4.6,51,OPERATIONAL
Synthetic_89,grocery_or_supermarket,19.268414,73.144008,4.8,198,OPERATIONAL
Synthetic_90,salon,19.25667,73.145963,3.9,14,OPERATIONAL
Synthetic_91,clothing_store,19.243297,73.125248,4.6,1382,OPERATIONAL
Synthetic_92,cafe,19.258878,73.152931,4.4,13,OPERATIONAL
Synthetic_93,cafe,19.262165,73.114693,4.6,66,OPERATIONAL
Synthetic_94,clothing_store,19.253682,73.136835,4.7,38,OPERATIONAL
Synthetic_95,restaurant,19.25872,73.130873,4.4,80,OPERATIONAL
Synthetic_96,hardware_store,19.222601,73.130099,4.6,161,OPERATIONAL
Synthetic_97,hardware_store,19.24779,73.115377,4.4,205,OPERATIONAL
Synthetic_98,restaurant,19.262495,73.133586,4.9,353,OPERATIONAL
Synthetic_99,grocery_or_supermarket,19.262625,73.130825,4.8,58,OPERATIONAL
Synthetic_100,cafe,19.263737,73.119479,4.0,100,OPERATIONAL
Synthetic_101,pharmacy,19.242095,73.130672,4.3,89,OPERATIONAL
Synthetic_102,stationery,19.253958,73.13922,4.8,30,OPERATIONAL
Synthetic_103,electronics_store,19.254607,73.139411,4.6,9,OPERATIONAL
Synthetic_104,pharmacy,19.273237,73.132822,4.0,77,OPERATIONAL
Synthetic_105,hardware_store,19.256195,73.119569,4.4,186,OPERATIONAL
Synthetic_106,restaurant,19.240242,73.132049,4.9,59,OPERATIONAL
Synthetic_107,stationery,19.240228,73.133514,4.3,62,OPERATIONAL
Synthetic_108,electronics_store,19.234489,73.137704,4.1,421,OPERATIONAL
Synthetic_109,salon,19.238846,73.134984,4.3,62,OPERATIONAL
Synthetic_110,clothing_store,19.241983,73.139451,4.4,69,OPERATIONAL
Synthetic_111,pharmacy,19.236679,73.144372,4.1,16,OPERATIONAL
Synthetic_112,stationery,19.25859,73.137524,4.6,53,OPERATIONAL
Synthetic_113,stationery,19.264013,73.14477,4.1,194,OPERATIONAL
Synthetic_114,cafe,19.216247,73.12637,3.8,58,OPERATIONAL
Synthetic_115,electronics_store,19.248219,73.134013,4.7,231,OPERATIONAL
Synthetic_116,cafe,19.249471,73.130689,4.7,64,OPERATIONAL
Synthetic_117,clothing_store,19.240727,73.119788,4.5,75,OPERATIONAL
Synthetic_118,stationery,19.27037,73.142279,4.5,79,OPERATIONAL
Synthetic_119,electronics_store,19.252302,73.112041,4.8,46,OPERATIONAL
Synthetic_120,pharmacy,19.259462,73.111628,4.7,56,OPERATIONAL
Synthetic_121,hardware_store,19.249226,73.129425,4.4,95,OPERATIONAL
Synthetic_122,grocery_or_supermarket,19.229404,73.131665,4.0,93,OPERATIONAL
Synthetic_123,cafe,19.258204,73.121183,4.4,146,OPERATIONAL
Synthetic_124,clothing_store,19.250161,73.13027,4.3,80,OPERATIONAL
Synthetic_125,pharmacy,19.23987,73.121215,4.6,66,OPERATIONAL
Synthetic_126,hardware_store,19.246582,73.132118,4.5,40,OPERATIONAL
Synthetic_127,grocery_or_supermarket,19.250556,73.133102,4.3,105,OPERATIONAL
Synthetic_128,restaurant,19.233227,73.123695,4.5,141,OPERATIONAL
Synthetic_129,bakery,19.217706,73.146359,4.8,100,OPERATIONAL
Synthetic_130,pharmacy,19.256159,73.153648,4.7,22,OPERATIONAL
Synthetic_131,salon,19.237771,73.125952,4.2,35,OPERATIONAL
Synthetic_132,hardware_store,19.242727,73.128396,4.6,21,OPERATIONAL
Synthetic_133,grocery_or_supermarket,19.232282,73.128412,4.8,16,OPERATIONAL
Synthetic_134,clothing_store,19.241406,73.134899,4.3,41,OPERATIONAL
Synthetic_135,restaurant,19.232486,73.123659,4.8,140,OPERATIONAL
Synthetic_136,salon,19.259037,73.124485,3.9,87,OPERATIONAL
Synthetic_137,cafe,19.265516,73.156825,4.3,72,OPERATIONAL
Synthetic_138,stationery,19.259885,73.132912,4.5,52,OPERATIONAL
Synthetic_139,salon,19.268132,73.136706,4.7,263,OPERATIONAL
Synthetic_140,clothing_store,19.233181,73.139378,4.0,39,OPERATIONAL
Synthetic_141,electronics_store,19.258772,73.152497,3.8,669,OPERATIONAL
Synthetic_142,restaurant,19.227275,73.126135,4.8,379,OPERATIONAL
Synthetic_143,clothing_store,19.253467,73.133259,4.7,9,OPERATIONAL
Synthetic_144,bakery,19.248116,73.148139,3.8,51,OPERATIONAL
Synthetic_145,electronics_store,19.254568,73.141201,4.9,529,OPERATIONAL
Synthetic_146,electronics_store,19.234405,73.133953,4.6,5,OPERATIONAL
Synthetic_147,hardware_store,19.26783,73.136439,4.5,31,OPERATIONAL
Synthetic_148,hardware_store,19.263821,73.131853,4.6,46,OPERATIONAL
Synthetic_149,stationery,19.25147,73.141395,4.8,182,OPERATIONAL
Synthetic_150,salon,19.241005,73.131011,4.3,6,OPERATIONAL
Synthetic_151,clothing_store,19.260502,73.121536,4.5,215,OPERATIONAL
Synthetic_152,grocery_or_supermarket,19.234254,73.129735,4.4,30,OPERATIONAL
Synthetic_153,restaurant,19.259679,73.158263,3.9,25,OPERATIONAL
Synthetic_154,electronics_store,19.252912,73.139944,4.3,34,OPERATIONAL
Synthetic_155,restaurant,19.276099,73.134897,4.5,140,OPERATIONAL
Synthetic_156,cafe,19.260319,73.127536,4.8,637,OPERATIONAL
Synthetic_157,clothing_store,19.256971,73.141186,4.7,65,OPERATIONAL
Synthetic_158,pharmacy,19.251612,73.153465,4.2,208,OPERATIONAL
Synthetic_159,clothing_store,19.26764,73.132762,3.8,7,OPERATIONAL
Synthetic_160,bakery,19.246158,73.135548,4.6,38,OPERATIONAL
Synthetic_161,grocery_or_supermarket,19.265187,73.148009,4.1,22,OPERATIONAL
Synthetic_162,pharmacy,19.253573,73.133545,3.9,179,OPERATIONAL
Synthetic_163,grocery_or_supermarket,19.228916,73.118151,4.3,71,OPERATIONAL
Synthetic_164,grocery_or_supermarket,19.248529,73.138743,4.3,42,OPERATIONAL
Synthetic_165,cafe,19.262207,73.152323,4.2,44,OPERATIONAL
Synthetic_166,pharmacy,19.241377,73.126605,4.1,5,OPERATIONAL
Synthetic_167,salon,19.232588,73.138395,4.2,111,OPERATIONAL
Synthetic_168,restaurant,19.23609,73.134988,4.4,262,OPERATIONAL
Synthetic_169,restaurant,19.263229,73.134132,4.6,18,OPERATIONAL
Synthetic_170,stationery,19.237839,73.130142,4.7,109,OPERATIONAL
Synthetic_171,stationery,19.262747,73.138165,4.8,178,OPERATIONAL
Synthetic_172,grocery_or_supermarket,19.236088,73.131887,4.8,26,OPERATIONAL
Synthetic_173,restaurant,19.246406,73.134309,4.3,683,OPERATIONAL
Synthetic_174,electronics_store,19.25666,73.15139,4.9,42,OPERATIONAL
Synthetic_175,salon,19.269153,73.141506,4.8,87,OPERATIONAL
Synthetic_176,grocery_or_supermarket,19.226382,73.128963,4.7,232,OPERATIONAL
Synthetic_177,electronics_store,19.250966,73.137239,4.2,39,OPERATIONAL
Synthetic_178,salon,19.240052,73.140243,4.4,238,OPERATIONAL
Synthetic_179,clothing_store,19.25342,73.142971,3.6,1249,OPERATIONAL
Synthetic_180,bakery,19.255585,73.123986,4.7,67,OPERATIONAL
Synthetic_181,pharmacy,19.248353,73.133231,4.6,269,OPERATIONAL
Synthetic_182,pharmacy,19.242,73.134737,4.5,62,OPERATIONAL
Synthetic_183,pharmacy,19.254608,73.12011,4.8,215,OPERATIONAL
Synthetic_184,bakery,19.255303,73.132228,4.6,43,OPERATIONAL
Synthetic_185,salon,19.247009,73.13983,4.3,35,OPERATIONAL
Synthetic_186,cafe,19.240451,73.138447,4.6,48,OPERATIONAL
Synthetic_187,pharmacy,19.266374,73.133876,4.9,18,OPERATIONAL
Synthetic_188,grocery_or_supermarket,19.278204,73.136469,4.2,34,OPERATIONAL
Synthetic_189,stationery,19.232093,73.133411,4.3,21,OPERATIONAL
Synthetic_190,bakery,19.241843,73.150741,4.7,5,OPERATIONAL
Synthetic_191,salon,19.247585,73.13509,4.6,182,OPERATIONAL
Synthetic_192,hardware_store,19.233143,73.148273,4.6,290,OPERATIONAL
Synthetic_193,grocery_or_supermarket,19.239749,73.128244,4.3,91,OPERATIONAL
Synthetic_194,pharmacy,19.252359,73.116338,4.7,171,OPERATIONAL
Synthetic_195,hardware_store,19.235992,73.134611,4.8,61,OPERATIONAL
Synthetic_196,stationery,19.254591,73.150554,4.5,205,OPERATIONAL
Synthetic_197,restaurant,19.248051,73.119748,4.7,25,OPERATIONAL
Synthetic_198,pharmacy,19.262259,73.156862,3.9,73,OPERATIONAL
Synthetic_199,electronics_store,19.264086,73.131705,4.8,261,OPERATIONAL
Synthetic_200,restaurant,19.27357,73.136925,4.7,124,OPERATIONAL
Synthetic_201,clothing_store,19.254712,73.132163,4.5,791,OPERATIONAL
Synthetic_202,grocery_or_supermarket,19.231006,73.147806,4.6,87,OPERATIONAL
Synthetic_203,bakery,19.242629,73.123558,4.7,213,OPERATIONAL
Synthetic_204,pharmacy,19.251175,73.141073,4.6,119,OPERATIONAL
Synthetic_205,bakery,19.250497,73.133415,4.1,587,OPERATIONAL
Synthetic_206,grocery_or_supermarket,19.267724,73.149861,4.3,21,OPERATIONAL
Synthetic_207,hardware_store,19.228505,73.1417,4.5,1835,OPERATIONAL
Synthetic_208,cafe,19.256857,73.140851,4.3,33,OPERATIONAL
Synthetic_209,bakery,19.264154,73.153772,4.3,81,OPERATIONAL
Synthetic_210,cafe,19.250197,73.136711,4.8,88,OPERATIONAL
Synthetic_211,salon,19.230869,73.140282,4.5,681,OPERATIONAL
Synthetic_212,grocery_or_supermarket,19.268398,73.137572,4.8,169,OPERATIONAL
Synthetic_213,grocery_or_supermarket,19.234618,73.126704,4.2,101,OPERATIONAL
Synthetic_214,salon,19.254372,73.138914,4.4,104,OPERATIONAL
Synthetic_215,bakery,19.255644,73.143234,4.8,362,OPERATIONAL
Synthetic_216,hardware_store,19.258438,73.141727,4.1,1032,OPERATIONAL
Synthetic_217,restaurant,19.251955,73.134963,4.1,362,OPERATIONAL
Synthetic_218,stationery,19.250683,73.124155,4.3,38,OPERATIONAL
Synthetic_219,salon,19.239723,73.138052,3.8,141,OPERATIONAL
Synthetic_220,electronics_store,19.251856,73.137696,4.7,99,OPERATIONAL
Synthetic_221,clothing_store,19.239158,73.124755,4.3,189,OPERATIONAL
Synthetic_222,stationery,19.260165,73.113015,4.0,601,OPERATIONAL
Synthetic_223,grocery_or_supermarket,19.248465,73.140017,4.7,39,OPERATIONAL
Synthetic_224,restaurant,19.26373,73.124896,4.7,27,OPERATIONAL
Synthetic_225,bakery,19.246841,73.144637,4.6,48,OPERATIONAL
Synthetic_226,electronics_store,19.245931,73.136615,4.0,1016,OPERATIONAL
Synthetic_227,bakery,19.250635,73.142101,4.0,19,OPERATIONAL
Synthetic_228,grocery_or_supermarket,19.22079,73.148244,4.9,92,OPERATIONAL
Synthetic_229,grocery_or_supermarket,19.238984,73.138246,4.6,35,OPERATIONAL
Synthetic_230,grocery_or_supermarket,19.253264,73.156466,4.6,18,OPERATIONAL
Synthetic_231,stationery,19.254896,73.125908,4.8,645,OPERATIONAL
Synthetic_232,salon,19.260106,73.139479,4.9,50,OPERATIONAL
Synthetic_233,restaurant,19.23432,73.133319,4.5,26,OPERATIONAL
Synthetic_234,pharmacy,19.223261,73.141715,4.3,49,OPERATIONAL
Synthetic_235,electronics_store,19.258519,73.156009,4.5,136,OPERATIONAL
Synthetic_236,pharmacy,19.252459,73.136545,4.4,57,OPERATIONAL
Synthetic_237,electronics_store,19.259318,73.127525,4.3,260,OPERATIONAL
Synthetic_238,electronics_store,19.232155,73.139539,4.6,11,OPERATIONAL
Synthetic_239,salon,19.230945,73.123998,4.3,701,OPERATIONAL
Synthetic_240,bakery,19.229814,73.146792,4.8,34,OPERATIONAL
Synthetic_241,salon,19.244101,73.130904,4.1,2264,OPERATIONAL
Synthetic_242,salon,19.266561,73.148025,4.4,502,OPERATIONAL
Synthetic_243,pharmacy,19.256274,73.135223,4.5,94,OPERATIONAL
Synthetic_244,restaurant,19.226581,73.148178,4.8,86,OPERATIONAL
Synthetic_245,cafe,19.269431,73.144627,3.7,285,OPERATIONAL
Synthetic_246,pharmacy,19.232423,73.126005,4.5,45,OPERATIONAL
Synthetic_247,salon,19.25587,73.156635,4.1,113,OPERATIONAL
Synthetic_248,bakery,19.228832,73.143259,4.2,38,OPERATIONAL
Synthetic_249,cafe,19.230163,73.131492,4.3,623,OPERATIONAL
Synthetic_250,pharmacy,19.255514,73.141305,4.7,27,OPERATIONAL
Synthetic_251,salon,19.238768,73.127637,4.4,79,OPERATIONAL
Synthetic_252,electronics_store,19.248144,73.13172,4.7,138,OPERATIONAL
Synthetic_253,restaurant,19.275238,73.152808,4.5,46,OPERATIONAL
Synthetic_254,salon,19.24116,73.122321,4.2,150,OPERATIONAL
Synthetic_255,salon,19.251855,73.131187,4.8,127,OPERATIONAL
Synthetic_256,stationery,19.244172,73.132826,4.5,59,OPERATIONAL
Synthetic_257,pharmacy,19.248536,73.136127,4.3,151,OPERATIONAL
Synthetic_258,restaurant,19.243134,73.132192,4.3,1035,OPERATIONAL
Synthetic_259,hardware_store,19.234549,73.130269,4.4,10,OPERATIONAL
Synthetic_260,stationery,19.273637,73.141088,3.9,60,OPERATIONAL
Synthetic_261,pharmacy,19.250808,73.132461,5.0,53,OPERATIONAL
Synthetic_262,cafe,19.249831,73.132825,4.8,220,OPERATIONAL
Synthetic_263,hardware_store,19.244335,73.149031,4.2,25,OPERATIONAL
Synthetic_264,grocery_or_supermarket,19.257172,73.114624,4.0,224,OPERATIONAL
Synthetic_265,clothing_store,19.236982,73.125069,4.6,189,OPERATIONAL
Synthetic_266,pharmacy,19.260274,73.141179,4.9,409,OPERATIONAL
Synthetic_267,salon,19.241303,73.12956,4.8,1132,OPERATIONAL
Synthetic_268,salon,19.255358,73.146536,4.6,34,OPERATIONAL
Synthetic_269,electronics_store,19.26007,73.135188,4.6,35,OPERATIONAL
Synthetic_270,hardware_store,19.232174,73.134089,4.5,384,OPERATIONAL
Synthetic_271,salon,19.225113,73.136742,4.0,325,OPERATIONAL
Synthetic_272,pharmacy,19.247678,73.132364,4.4,9,OPERATIONAL
Synthetic_273,clothing_store,19.248033,73.126157,4.6,38,OPERATIONAL
Synthetic_274,hardware_store,19.250134,73.141349,4.6,192,OPERATIONAL
Synthetic_275,bakery,19.225673,73.122293,4.1,115,OPERATIONAL
Synthetic_276,hardware_store,19.256195,73.141615,4.7,110,OPERATIONAL
Synthetic_277,restaurant,19.250885,73.119941,4.8,42,OPERATIONAL
Synthetic_278,restaurant,19.272553,73.132379,4.3,73,OPERATIONAL
Synthetic_279,restaurant,19.243323,73.132245,4.8,68,OPERATIONAL
Synthetic_280,stationery,19.253607,73.138366,4.8,147,OPERATIONAL
Synthetic_281,cafe,19.244321,73.133221,4.5,89,OPERATIONAL
Synthetic_282,restaurant,19.22901,73.136251,4.4,133,OPERATIONAL
Synthetic_283,salon,19.256408,73.140188,4.4,201,OPERATIONAL
Synthetic_284,grocery_or_supermarket,19.253726,73.142675,3.7,27,OPERATIONAL
Synthetic_285,clothing_store,19.264004,73.14082,4.0,14,OPERATIONAL
Synthetic_286,bakery,19.272606,73.151875,4.0,4,OPERATIONAL
Synthetic_287,stationery,19.259047,73.126798,4.7,104,OPERATIONAL
Synthetic_288,stationery,19.267143,73.149507,4.7,113,OPERATIONAL
Synthetic_289,electronics_store,19.231836,73.132781,4.7,109,OPERATIONAL
Synthetic_290,cafe,19.252425,73.142174,4.7,40,OPERATIONAL
Synthetic_291,restaurant,19.247183,73.115108,3.7,107,OPERATIONAL
Synthetic_292,restaurant,19.236415,73.150775,4.0,133,OPERATIONAL
Synthetic_293,stationery,19.253917,73.140816,4.1,266,OPERATIONAL
Synthetic_294,hardware_store,19.237823,73.13718,4.7,97,OPERATIONAL
Synthetic_295,pharmacy,19.252946,73.138157,4.4,197,OPERATIONAL
Synthetic_296,bakery,19.253856,73.132624,4.8,65,OPERATIONAL
Synthetic_297,restaurant,19.234492,73.13842,4.2,13,OPERATIONAL
Synthetic_298,clothing_store,19.250033,73.131113,4.4,92,OPERATIONAL
Synthetic_299,cafe,19.259538,73.152367,4.7,129,OPERATIONAL
Synthetic_300,stationery,19.225181,73.125141,4.6,18,OPERATIONAL
Synthetic_301,bakery,19.266431,73.131642,5.0,81,OPERATIONAL
Synthetic_302,pharmacy,19.257142,73.153751,4.9,621,OPERATIONAL
Synthetic_303,pharmacy,19.235365,73.137192,4.1,24,OPERATIONAL
Synthetic_304,bakery,19.249959,73.145579,4.3,50,OPERATIONAL
Synthetic_305,hardware_store,19.239246,73.149608,4.8,16,OPERATIONAL
Synthetic_306,electronics_store,19.24935,73.116968,4.8,474,OPERATIONAL
Synthetic_307,hardware_store,19.261125,73.133369,4.4,2,OPERATIONAL
Synthetic_308,grocery_or_supermarket,19.230649,73.126505,4.2,1671,OPERATIONAL
Synthetic_309,hardware_store,19.264968,73.146909,4.7,387,OPERATIONAL
Synthetic_310,grocery_or_supermarket,19.240181,73.130193,4.7,156,OPERATIONAL
Synthetic_311,clothing_store,19.265927,73.135851,4.9,782,OPERATIONAL
Synthetic_312,stationery,19.257129,73.138273,4.4,75,OPERATIONAL
Synthetic_313,salon,19.236202,73.133615,4.3,64,OPERATIONAL
Synthetic_314,cafe,19.26458,73.155234,4.3,23,OPERATIONAL
Synthetic_315,electronics_store,19.243519,73.134133,3.8,233,OPERATIONAL
Synthetic_316,hardware_store,19.232703,73.135924,4.1,139,OPERATIONAL
Synthetic_317,salon,19.258688,73.125708,4.3,25,OPERATIONAL
Synthetic_318,stationery,19.269144,73.130081,4.1,540,OPERATIONAL
Synthetic_319,electronics_store,19.271799,73.148527,4.6,17,OPERATIONAL
Synthetic_320,grocery_or_supermarket,19.246933,73.120879,4.2,14,OPERATIONAL
Synthetic_321,hardware_store,19.249536,73.136266,4.0,53,OPERATIONAL
Synthetic_322,clothing_store,19.240556,73.141685,4.4,58,OPERATIONAL
Synthetic_323,stationery,19.263827,73.116855,4.6,94,OPERATIONAL
Synthetic_324,cafe,19.256064,73.136018,4.7,40,OPERATIONAL
Synthetic_325,clothing_store,19.250224,73.139295,4.8,78,OPERATIONAL
Synthetic_326,restaurant,19.250377,73.150068,4.1,22,OPERATIONAL
Synthetic_327,restaurant,19.263884,73.136964,4.3,31,OPERATIONAL
Synthetic_328,salon,19.23847,73.13748,4.7,163,OPERATIONAL
Synthetic_329,clothing_store,19.264788,73.142293,4.3,13,OPERATIONAL
Synthetic_330,cafe,19.244261,73.140955,4.0,312,OPERATIONAL
Synthetic_331,pharmacy,19.221181,73.147814,4.6,696,OPERATIONAL
Synthetic_332,electronics_store,19.261942,73.149896,4.3,158,OPERATIONAL
Synthetic_333,cafe,19.249605,73.122102,4.8,44,OPERATIONAL
Synthetic_334,hardware_store,19.246626,73.133163,4.4,67,OPERATIONAL
Synthetic_335,grocery_or_supermarket,19.266407,73.140736,4.0,19,OPERATIONAL
Synthetic_336,clothing_store,19.268058,73.132236,4.7,30,OPERATIONAL
Synthetic_337,clothing_store,19.271414,73.136725,4.8,251,OPERATIONAL
Synthetic_338,cafe,19.246709,73.15444,4.6,12,OPERATIONAL
Synthetic_339,hardware_store,19.239851,73.119533,4.0,22,OPERATIONAL
Synthetic_340,cafe,19.25543,73.142636,3.8,6,OPERATIONAL
Synthetic_341,electronics_store,19.268475,73.148479,4.5,23,OPERATIONAL
Synthetic_342,pharmacy,19.233222,73.132439,4.5,730,OPERATIONAL
Synthetic_343,stationery,19.237824,73.129127,4.2,30,OPERATIONAL
Synthetic_344,hardware_store,19.262887,73.138385,4.9,490,OPERATIONAL
Synthetic_345,stationery,19.264222,73.133414,4.8,173,OPERATIONAL
Synthetic_346,electronics_store,19.240231,73.13743,4.9,196,OPERATIONAL
Synthetic_347,electronics_store,19.243162,73.134868,4.4,2090,OPERATIONAL
Synthetic_348,salon,19.229438,73.132293,3.9,241,OPERATIONAL
Synthetic_349,bakery,19.275553,73.141672,4.9,54,OPERATIONAL
Synthetic_350,restaurant,19.233195,73.130955,4.1,113,OPERATIONAL
Synthetic_351,pharmacy,19.251457,73.141353,4.9,189,OPERATIONAL
Synthetic_352,electronics_store,19.273043,73.144385,4.9,196,OPERATIONAL
Synthetic_353,restaurant,19.238272,73.132612,4.5,99,OPERATIONAL
Synthetic_354,electronics_store,19.260961,73.148421,4.4,34,OPERATIONAL
Synthetic_355,stationery,19.243164,73.133689,4.6,507,OPERATIONAL
Synthetic_356,stationery,19.256462,73.1481,4.8,19,OPERATIONAL
Synthetic_357,cafe,19.252148,73.14281,4.6,24,OPERATIONAL
Synthetic_358,bakery,19.236651,73.133578,4.3,184,OPERATIONAL
Synthetic_359,grocery_or_supermarket,19.25577,73.136615,4.0,223,OPERATIONAL
Synthetic_360,cafe,19.254568,73.153048,4.4,60,OPERATIONAL
Synthetic_361,clothing_store,19.237601,73.135162,4.5,16,OPERATIONAL
Synthetic_362,restaurant,19.2419,73.146461,4.4,1701,OPERATIONAL
Synthetic_363,grocery_or_supermarket,19.247679,73.136767,4.8,194,OPERATIONAL
Synthetic_364,hardware_store,19.252283,73.126309,4.5,325,OPERATIONAL
Synthetic_365,salon,19.242289,73.129739,4.4,234,OPERATIONAL
Synthetic_366,hardware_store,19.241747,73.136162,4.7,4,OPERATIONAL
Synthetic_367,pharmacy,19.255293,73.141362,3.9,90,OPERATIONAL
Synthetic_368,grocery_or_supermarket,19.238455,73.127862,4.3,100,OPERATIONAL
Synthetic_369,hardware_store,19.242475,73.132089,3.7,47,OPERATIONAL
Synthetic_370,electronics_store,19.246468,73.141007,4.8,120,OPERATIONAL
Synthetic_371,grocery_or_supermarket,19.258038,73.141074,4.7,117,OPERATIONAL
Synthetic_372,hardware_store,19.256693,73.123648,4.5,244,OPERATIONAL
Synthetic_373,hardware_store,19.24954,73.124274,4.7,61,OPERATIONAL
Synthetic_374,hardware_store,19.242262,73.138074,4.7,216,OPERATIONAL
Synthetic_375,electronics_store,19.261934,73.140209,4.6,14,OPERATIONAL
Synthetic_376,pharmacy,19.251496,73.146769,4.3,21,OPERATIONAL
Synthetic_377,cafe,19.248334,73.115616,4.0,544,OPERATIONAL
Synthetic_378,hardware_store,19.274172,73.13768,3.9,9,OPERATIONAL
Synthetic_379,restaurant,19.247582,73.132383,4.2,645,OPERATIONAL
Synthetic_380,electronics_store,19.257956,73.114586,4.2,84,OPERATIONAL
Synthetic_381,bakery,19.275441,73.138951,4.6,38,OPERATIONAL
Synthetic_382,grocery_or_supermarket,19.249536,73.128126,4.7,144,OPERATIONAL
Synthetic_383,clothing_store,19.252699,73.12291,4.5,118,OPERATIONAL
Synthetic_384,clothing_store,19.255291,73.140863,4.2,39,OPERATIONAL
Synthetic_385,cafe,19.257348,73.13974,4.4,105,OPERATIONAL
Synthetic_386,stationery,19.241992,73.141418,3.6,205,OPERATIONAL
Synthetic_387,hardware_store,19.241169,73.125692,4.6,40,OPERATIONAL
Synthetic_388,electronics_store,19.216167,73.145085,4.8,367,OPERATIONAL
Synthetic_389,cafe,19.240258,73.118909,4.2,116,OPERATIONAL
Synthetic_390,cafe,19.226005,73.118698,4.1,105,OPERATIONAL
Synthetic_391,cafe,19.251059,73.114123,3.9,253,OPERATIONAL
Synthetic_392,electronics_store,19.263548,73.149316,4.2,33,OPERATIONAL
Synthetic_393,cafe,19.236051,73.128021,4.1,694,OPERATIONAL
Synthetic_394,electronics_store,19.251716,73.126266,4.7,7,OPERATIONAL
Synthetic_395,bakery,19.2436,73.132463,4.7,33,OPERATIONAL
Synthetic_396,hardware_store,19.255738,73.128727,4.6,128,OPERATIONAL
Synthetic_397,hardware_store,19.249959,73.131273,4.8,254,OPERATIONAL
Synthetic_398,cafe,19.227296,73.136831,4.3,23,OPERATIONAL
Synthetic_399,electronics_store,19.258186,73.135095,4.6,107,OPERATIONAL
Synthetic_400,clothing_store,19.233599,73.134619,4.8,85,OPERATIONAL
Synthetic_401,salon,19.255999,73.149922,4.6,172,OPERATIONAL
Synthetic_402,bakery,19.262199,73.137827,4.3,100,OPERATIONAL
Synthetic_403,grocery_or_supermarket,19.226975,73.119513,4.5,28,OPERATIONAL
Synthetic_404,clothing_store,19.26579,73.152963,4.7,223,OPERATIONAL
Synthetic_405,clothing_store,19.236654,73.147666,4.9,330,OPERATIONAL
Synthetic_406,hardware_store,19.233523,73.136834,4.4,42,OPERATIONAL
Synthetic_407,clothing_store,19.267267,73.141607,4.1,221,OPERATIONAL
Synthetic_408,grocery_or_supermarket,19.229085,73.118335,4.5,942,OPERATIONAL
Synthetic_409,restaurant,19.231236,73.122995,4.3,28,OPERATIONAL
Synthetic_410,bakery,19.265924,73.126793,4.2,7,OPERATIONAL
Synthetic_411,electronics_store,19.251754,73.118887,4.5,360,OPERATIONAL
Synthetic_412,pharmacy,19.249352,73.1358,4.9,132,OPERATIONAL
Synthetic_413,electronics_store,19.242757,73.139038,4.3,980,OPERATIONAL
Synthetic_414,electronics_store,19.235019,73.146436,4.2,106,OPERATIONAL
Synthetic_415,stationery,19.254435,73.147111,4.1,10,OPERATIONAL
Synthetic_416,pharmacy,19.266913,73.138831,4.8,40,OPERATIONAL
Synthetic_417,pharmacy,19.260498,73.128042,4.9,5,OPERATIONAL
Synthetic_418,grocery_or_supermarket,19.241377,73.129788,4.9,408,OPERATIONAL
Synthetic_419,stationery,19.253527,73.124631,4.7,316,OPERATIONAL
Synthetic_420,grocery_or_supermarket,19.247275,73.13339,4.6,58,OPERATIONAL
Synthetic_421,cafe,19.268538,73.142274,4.0,284,OPERATIONAL
Synthetic_422,hardware_store,19.268972,73.137055,3.7,7,OPERATIONAL
Synthetic_423,pharmacy,19.235849,73.127581,4.7,2,OPERATIONAL
Synthetic_424,pharmacy,19.260719,73.138489,4.0,131,OPERATIONAL
Synthetic_425,pharmacy,19.249138,73.152714,4.3,10,OPERATIONAL
Synthetic_426,pharmacy,19.248908,73.139081,4.7,187,OPERATIONAL
Synthetic_427,salon,19.263666,73.141752,4.8,157,OPERATIONAL
Synthetic_428,restaurant,19.271768,73.136954,4.7,2,OPERATIONAL
Synthetic_429,salon,19.265876,73.151188,4.9,7,OPERATIONAL
Synthetic_430,electronics_store,19.256156,73.12631,4.4,28,OPERATIONAL
Synthetic_431,pharmacy,19.265829,73.150049,4.0,154,OPERATIONAL
Synthetic_432,cafe,19.267792,73.156879,4.1,37,OPERATIONAL
Synthetic_433,salon,19.254667,73.150507,4.4,19,OPERATIONAL
Synthetic_434,salon,19.249193,73.12954,3.6,377,OPERATIONAL
Synthetic_435,bakery,19.247585,73.153759,4.7,31,OPERATIONAL
Synthetic_436,pharmacy,19.246906,73.142565,3.7,12,OPERATIONAL
Synthetic_437,pharmacy,19.258132,73.140866,4.4,208,OPERATIONAL
Synthetic_438,pharmacy,19.260259,73.123174,4.2,34,OPERATIONAL
Synthetic_439,cafe,19.216422,73.143948,4.9,210,OPERATIONAL
Synthetic_440,restaurant,19.245604,73.137194,4.7,193,OPERATIONAL
Synthetic_441,bakery,19.239243,73.125132,4.4,272,OPERATIONAL
Synthetic_442,salon,19.271658,73.152754,5.0,34,OPERATIONAL
Synthetic_443,stationery,19.268044,73.134349,4.5,8,OPERATIONAL
Synthetic_444,bakery,19.251674,73.113398,4.3,229,OPERATIONAL
Synthetic_445,salon,19.260999,73.139144,3.7,26,OPERATIONAL
Synthetic_446,stationery,19.256069,73.135919,4.7,113,OPERATIONAL
Synthetic_447,clothing_store,19.222077,73.141582,4.5,14,OPERATIONAL
Synthetic_448,hardware_store,19.242118,73.136867,4.2,302,OPERATIONAL
Synthetic_449,hardware_store,19.268404,73.126377,4.4,112,OPERATIONAL
